<?xml version="1.0" encoding="UTF-8"?>

<project basedir="." default="generate-artifacts" name="NFFG">

	<!-- The location of the ... web service -->
	<property name="PORT" value="8080"/>
	<property name="URL" value="http://localhost:${PORT}/Neo4JXML/rest"/>
	<property name="WADL" value="${URL}/application.wadl"/>

	<property name="lab2.location" location="." />

	<property name="src.dir" location="${lab2.location}/src" />
	<property name="lib.dir" location="${lab2.location}/lib" />
	<property name="gen.dir" location="${lab2.location}/gen-src" />
	
	<!-- define wjc task (WADL to Java) -->
	<taskdef name="wjc" classname="org.jvnet.ws.wadl2java.WJCTask">
	   <classpath>
	   	<fileset dir="${lib.dir}" includes="*.jar" />
	   </classpath>
	</taskdef>
	
	<!-- define the client artifacts generation target -->
		<target name="generate-artifacts">
			<mkdir dir="${gen.dir}" />
		   	<echo message="Compiling the descriptions..." />
		   	<wjc description="${WADL}" package="it.polito.dp2.NFFG.sol2"
		       autoSchemaPackage="false" target="${gen.dir}">
		     <customizations dir="${lab2.location}" includes="binding.xjc"/> 
		     <produces dir="${gen.dir}/it/polito/dp2/NFFG/sol2" includes="*.java"/>
		     <depends dir="${lab2.location}" includes="build.xml"/> 
		    </wjc>
		</target>
	
</project>